ax,ay,az,gx,gy,gz
0.49098,-0.11496,10.29379,-0.02398,0.004,-0.02931
